{
	"class_name" : "PinholeCameraParameters",
	"extrinsic" : 
	[
		-0.29210920122489092,
		0.35124140935331283,
		-0.88955139644387882,
		0.0,
		-0.077374041539663693,
		-0.93574884550672133,
		-0.34407463700286978,
		0.0,
		-0.95324995266486889,
		-0.031679180676538063,
		0.30051781520583548,
		0.0,
		291.35080658546423,
		-564.85533070096869,
		892.18308789579919,
		1.0
	],
	"intrinsic" : 
	{
		"height" : 480,
		"intrinsic_matrix" : 
		[
			415.69219381653056,
			0.0,
			0.0,
			0.0,
			415.69219381653056,
			0.0,
			319.5,
			239.5,
			1.0
		],
		"width" : 640
	},
	"version_major" : 1,
	"version_minor" : 0
}